{"cameraMode":{"drawMode":0,"name":"Shaded","section":"Shading Mode"},"sceneLighting":false,"audioPlay":false,"sceneViewState":{"showFog":true,"showMaterialUpdate":false,"showSkybox":true,"showFlares":true,"showImageEffects":true,"showParticleSystems":true},"in2DMode":false,"pivot":{"x":-3.0800118446350099,"y":1.6561036109924317,"z":-21.656888961791993},"rotation":{"x":0.061077214777469638,"y":-0.9276047945022583,"z":0.17455311119556428,"w":0.3245770335197449},"size":0.8573645353317261,"orthographic":false}