{"cameraMode":{"drawMode":0,"name":"Shaded","section":"Shading Mode"},"sceneLighting":false,"audioPlay":false,"sceneViewState":{"showFog":true,"showMaterialUpdate":false,"showSkybox":true,"showFlares":true,"showImageEffects":true,"showParticleSystems":true},"in2DMode":false,"pivot":{"x":10.989999771118164,"y":0.5799999237060547,"z":21.170000076293947},"rotation":{"x":0.2980487048625946,"y":-0.4841609299182892,"z":0.17975641787052155,"w":0.8027719855308533},"size":3.8695931434631349,"orthographic":false}