{"cameraMode":{"drawMode":0,"name":"Shaded","section":"Shading Mode"},"sceneLighting":false,"audioPlay":false,"sceneViewState":{"showFog":true,"showMaterialUpdate":false,"showSkybox":true,"showFlares":true,"showImageEffects":true,"showParticleSystems":true},"in2DMode":false,"pivot":{"x":9.3211030960083,"y":0.1283404678106308,"z":14.688642501831055},"rotation":{"x":0.061077214777469638,"y":-0.9276047945022583,"z":0.17455311119556428,"w":0.3245770335197449},"size":6.296539783477783,"orthographic":false}