{"cameraMode":{"drawMode":0,"name":"Shaded","section":"Shading Mode"},"sceneLighting":false,"audioPlay":false,"sceneViewState":{"showFog":true,"showMaterialUpdate":false,"showSkybox":true,"showFlares":true,"showImageEffects":true,"showParticleSystems":true},"in2DMode":false,"pivot":{"x":16.662630081176759,"y":0.1283404529094696,"z":12.759225845336914},"rotation":{"x":0.061077214777469638,"y":-0.9276047945022583,"z":0.17455311119556428,"w":0.3245770335197449},"size":0.9673982858657837,"orthographic":false}