{"cameraMode":{"drawMode":0,"name":"Shaded","section":"Shading Mode"},"sceneLighting":false,"audioPlay":false,"sceneViewState":{"showFog":true,"showMaterialUpdate":false,"showSkybox":true,"showFlares":true,"showImageEffects":true,"showParticleSystems":true},"in2DMode":false,"pivot":{"x":-24.360000610351564,"y":3.0,"z":28.079999923706056},"rotation":{"x":0.061077214777469638,"y":-0.9276047945022583,"z":0.17455311119556428,"w":0.3245770335197449},"size":3.7125000953674318,"orthographic":false}