{"cameraMode":{"drawMode":0,"name":"Shaded","section":"Shading Mode"},"sceneLighting":false,"audioPlay":false,"sceneViewState":{"showFog":true,"showMaterialUpdate":false,"showSkybox":true,"showFlares":true,"showImageEffects":true,"showParticleSystems":true},"in2DMode":false,"pivot":{"x":10.420000076293946,"y":1.0,"z":19.780000686645509},"rotation":{"x":0.053262464702129367,"y":-0.9454669952392578,"z":0.2510092556476593,"w":0.20062321424484254},"size":3.7125000953674318,"orthographic":false}