{"cameraMode":{"drawMode":0,"name":"Shaded","section":"Shading Mode"},"sceneLighting":false,"audioPlay":false,"sceneViewState":{"showFog":true,"showMaterialUpdate":false,"showSkybox":true,"showFlares":true,"showImageEffects":true,"showParticleSystems":true},"in2DMode":false,"pivot":{"x":12.73969554901123,"y":0.503340482711792,"z":16.321903228759767},"rotation":{"x":0.061077214777469638,"y":-0.9276047945022583,"z":0.17455311119556428,"w":0.3245770335197449},"size":4.169593334197998,"orthographic":false}