{"cameraMode":{"drawMode":0,"name":"Shaded","section":"Shading Mode"},"sceneLighting":false,"audioPlay":false,"sceneViewState":{"showFog":true,"showMaterialUpdate":false,"showSkybox":true,"showFlares":true,"showImageEffects":true,"showParticleSystems":true},"in2DMode":false,"pivot":{"x":6.068492412567139,"y":0.503340482711792,"z":9.70207691192627},"rotation":{"x":0.06059028208255768,"y":-0.9278655648231506,"z":0.17316150665283204,"w":0.324668288230896},"size":4.950000286102295,"orthographic":false}